frame,baseline_frame,probe_frame,baseline_probe,probe_probe,baseline_heartbeat,probe_heartbeat,baseline_queue,probe_queue,baseline_scene_to_callback,probe_scene_to_callback,baseline_queue_to_callback,probe_queue_to_callback,baseline_work,probe_work,baseline_done_before,probe_done_before,baseline_done_probe,probe_done_probe,baseline_done_queue,probe_done_queue,baseline_max_pending,probe_max_pending,matching_triangle_crc
1200,39.809999999999995,67.78,0.0,40.49,0.0,0.0,11.24,0.04,87.39,40.56,86.94,40.52,0.53,0.44,0.0,0.0,0.0,60.0,0.0,0.0,3.0,1.0,24732c4d
1260,40.35,68.60000000000001,0.0,40.41,0.0,0.0,10.89,0.04,87.12,40.78,86.76,40.45,0.53,0.45,0.0,0.0,0.0,60.0,0.0,0.0,3.0,1.0,62a7ad2c
1320,40.57,67.13,0.0,40.83,0.0,0.0,13.12,0.04,90.31,41.14,89.96,40.86,0.52,0.45,0.0,0.0,0.0,60.0,0.0,0.0,3.0,1.0,c6dd7c0c
1380,40.21,66.12,0.0,40.52,0.0,0.0,13.99,0.04,91.51,40.83,91.06,40.55,0.52,0.44,0.0,0.0,0.0,60.0,0.0,0.0,3.0,1.0,1dc66905
1440,40.12,66.57000000000001,0.0,40.34,0.0,0.0,12.82,0.04,89.63,40.66,89.26,40.38,0.53,0.45,0.0,0.0,0.0,60.0,0.0,0.0,3.0,1.0,5886d68e
1500,40.85,66.28,0.0,41.16,0.0,0.0,14.67,0.04,92.91,41.48,92.44,41.19,0.53,0.45,0.0,0.0,0.0,60.0,0.0,0.0,3.0,1.0,af23aa34
1560,41.46,65.49000000000001,0.0,41.86,0.0,0.0,17.62,0.04,97.55,42.2,96.97,41.89,0.5,0.43,0.0,0.0,0.0,60.0,0.0,0.0,3.0,1.0,2a4745bb
1620,40.75,64.53999999999999,0.0,40.87,0.0,0.0,16.64,0.04,95.46,41.21,95.16,40.9,0.52,0.44,0.0,0.0,0.0,60.0,0.0,0.0,3.0,1.0,3de773bd
1680,40.56,65.55,0.0,41.63,0.0,0.0,17.79,0.04,98.47,41.97,98.19,41.66,0.5,0.44,0.0,0.0,0.0,60.0,0.0,0.0,3.0,1.0,52dcaa90
1740,41.19,65.64,0.0,41.85,0.0,0.0,17.0,0.04,97.16,42.22,96.77,41.88,0.51,0.44,0.0,0.0,0.0,60.0,0.0,0.0,3.0,1.0,b85b1cbe
