frame,old_frame_ms,new_frame_ms,old_render_ms,new_render_ms,old_layers_upload_ms,new_layers_upload_ms,old_hud_draw_ms,new_hud_draw_ms,old_queue_ms,new_queue_ms,matching_scene_triangle_crc
1200,39.82,35.64,34.96,24.42,2.33,1.26,0.02,0.36,11.07,0.04,24732c4d
1260,40.31,35.6,34.98,25.16,2.35,1.27,0.02,0.38,10.28,0.04,62a7ad2c
1320,40.63999999999999,34.09,35.76,23.39,2.32,1.22,0.02,0.37,12.63,0.04,c6dd7c0c
1380,40.42,33.67,35.65,21.83,2.3,1.17,0.02,0.36,13.59,0.04,1dc66905
1440,40.02,34.089999999999996,35.38,22.69,2.32,1.19,0.02,0.37,12.43,0.04,5886d68e
1500,40.900000000000006,33.51,35.95,21.45,2.37,1.18,0.02,0.37,14.24,0.04,af23aa34
1560,41.519999999999996,31.49,37.56,19.83,2.34,1.17,0.02,0.38,17.3,0.04,2a4745bb
1620,40.629999999999995,30.27,36.64,19.69,2.27,1.14,0.02,0.4,16.26,0.04,3de773bd
1680,41.41,31.580000000000002,37.14,19.8,2.3,1.14,0.02,0.38,16.95,0.04,52dcaa90
1740,41.7,32.48,36.2,19.83,2.29,1.16,0.02,0.39,16.44,0.04,b85b1cbe
1800,38.21,31.96,34.06,18.33,2.32,1.18,0.02,0.38,15.59,0.04,b65a39b8
