frame,quads,speed_raw,old_frame_ms,new_frame_ms,old_render_ms,new_render_ms,old_gpu_wait_ms,new_gpu_wait_ms,old_layers_upload_ms,new_layers_upload_ms,old_hud_draw_ms,new_hud_draw_ms,old_scene_end_ms,new_scene_end_ms,matching_state_and_budget
1200,1349,4573,49.29,39.71,45.8,35.56,7.14,0.01,1.47,2.23,6.71,0.02,0.16,0.16,regs=1a01b69f wram=ce782db8 poly=925500bd shared=fc51f1ab budget=3628
1260,1362,4979,47.02,40.059999999999995,43.02,35.76,7.22,0.01,0.79,2.25,5.04,0.02,0.15,0.16,regs=3be0e5ca wram=56c52c08 poly=639955ef shared=0ccb534f budget=3629
1320,1089,5375,46.04,40.339999999999996,41.58,36.37,9.2,0.01,0.47,2.31,4.74,0.02,0.15,0.16,regs=71b5cefe wram=63ef57a4 poly=3d66a58a shared=21e39696 budget=3629
1380,1196,3592,43.800000000000004,40.059999999999995,39.39,35.74,9.77,0.01,0.91,2.26,3.63,0.02,0.15,0.16,regs=f37cbbd2 wram=c2e3fa81 poly=26d3b4fe shared=7471cade budget=3629
1440,1239,4136,47.74,39.75,43.7,35.7,8.66,0.01,1.58,2.26,6.37,0.02,0.15,0.16,regs=bb38073f wram=1b35e842 poly=8b2f6293 shared=6cbd5cb1 budget=3628
1500,1072,3584,52.14,40.58,48.3,36.46,10.39,0.01,1.6,2.32,10.79,0.02,0.15,0.16,regs=b897b752 wram=537f4624 poly=b3862363 shared=50780fd2 budget=3629
1560,999,4156,57.68,41.33,54.0,37.4,13.19,0.01,1.5,2.34,16.61,0.02,0.16,0.16,regs=9a50d4b2 wram=75e06b18 poly=c81715e8 shared=1210d636 budget=3629
1620,1077,4670,57.08,40.279999999999994,53.23,36.32,12.07,0.01,2.17,2.32,16.62,0.02,0.15,0.16,regs=8628f258 wram=d5882e01 poly=0bedf576 shared=28a8401f budget=3629
1680,1038,5140,57.580000000000005,41.2,54.14,37.69,13.07,0.01,1.48,2.31,16.61,0.02,0.15,0.16,regs=1f22c685 wram=a48d8e3b poly=4f65796d shared=1703fb9e budget=3628
1740,1119,3633,58.35,41.08,54.51,37.2,12.24,0.01,1.6,2.32,16.59,0.02,0.15,0.16,regs=649315f2 wram=4a3a1a61 poly=ce77992d shared=f91a7ae8 budget=3629
1800,1006,4328,56.11,38.83,52.55,34.54,10.55,0.01,3.54,2.28,16.52,0.02,0.15,0.16,regs=bcd55dec wram=5485fbfa poly=175bf7d3 shared=1271f098 budget=3629
