test,frame,ms,prepare_ms,draw_ms,present_ms
normal,1200,35.397,,,
simulation,1200,20.614,,,
normal,1260,35.544,,,
simulation,1260,20.224,,,
normal,1320,34.185,,,
simulation,1320,19.147,,,
normal,1380,34.059,,,
simulation,1380,20.527,,,
normal,1440,34.281,,,
simulation,1440,20.242,,,
normal,1500,33.978,,,
simulation,1500,20.212,,,
normal,1560,31.836,,,
simulation,1560,18.846,,,
normal,1620,30.445,,,
simulation,1620,17.22,,,
normal,1680,32.337,,,
simulation,1680,19.528,,,
normal,1740,33.181,,,
simulation,1740,19.883,,,
normal,1800,32.51,,,
simulation,1800,20.695,,,
replay_full,600,29.367,18.550,8.085,2.417
replay_cached,600,28.749,0.001,7.060,21.372
replay_full,1200,24.345,13.684,7.143,3.261
replay_cached,1200,23.461,0.001,6.121,17.082
replay_full,1740,27.740,11.054,4.510,11.876
replay_cached,1740,27.343,0.001,4.215,22.828
