frame,quads,speed_raw,old_frame_ms,new_frame_ms,old_render_ms,new_render_ms,old_geometry_ms,new_geometry_ms,old_sort_ms,new_sort_ms,matching_state_and_budget
1200,1349,4573,39.83,39.72,35.8,34.73,14.95,9.82,1.34,1.03,regs=1a01b69f wram=ce782db8 poly=925500bd shared=fc51f1ab budget=3628
1260,1362,4979,40.21,39.98,35.91,34.75,15.22,10.16,1.35,1.02,regs=3be0e5ca wram=56c52c08 poly=639955ef shared=0ccb534f budget=3629
1320,1089,5375,40.75,40.4,36.51,35.54,13.56,9.33,1.15,0.9,regs=71b5cefe wram=63ef57a4 poly=3d66a58a shared=21e39696 budget=3629
1380,1196,3592,39.949999999999996,40.0,35.91,35.43,12.72,8.9,1.12,0.85,regs=f37cbbd2 wram=c2e3fa81 poly=26d3b4fe shared=7471cade budget=3629
1440,1239,4136,39.940000000000005,39.800000000000004,36.01,35.43,13.83,9.31,1.25,0.95,regs=bb38073f wram=1b35e842 poly=8b2f6293 shared=6cbd5cb1 budget=3628
1500,1072,3584,40.88,40.68,36.6,35.67,13.0,8.66,1.16,0.91,regs=b897b752 wram=537f4624 poly=b3862363 shared=50780fd2 budget=3629
1560,999,4156,41.410000000000004,41.15,37.56,36.66,11.39,8.09,0.95,0.77,regs=9a50d4b2 wram=75e06b18 poly=c81715e8 shared=1210d636 budget=3629
1620,1077,4670,40.419999999999995,40.49,37.41,36.09,12.26,7.94,0.93,0.74,regs=8628f258 wram=d5882e01 poly=0bedf576 shared=28a8401f budget=3629
1680,1038,5140,41.050000000000004,40.97,37.35,36.81,11.39,7.75,1.03,0.77,regs=1f22c685 wram=a48d8e3b poly=4f65796d shared=1703fb9e budget=3628
1740,1119,3633,41.5,41.199999999999996,37.27,36.74,12.3,7.95,1.13,0.86,regs=649315f2 wram=4a3a1a61 poly=ce77992d shared=f91a7ae8 budget=3629
1800,1006,4328,38.89,38.64,34.61,33.64,11.46,7.4,1.02,0.8,regs=bcd55dec wram=5485fbfa poly=175bf7d3 shared=1271f098 budget=3629
