frame,on_frame_ms,off_frame_ms,on_render_ms,off_render_ms,on_parallel_ms,off_parallel_ms,on_cpu_ms,off_cpu_ms,on_dsp_ms,off_dsp_ms,on_sound_ms,off_sound_ms,on_mix_ms,off_mix_ms,on_wake_ms,off_wake_ms,on_join_ms,off_join_ms,on_prepare_ms,off_prepare_ms
1200,35.07,28.36,23.98,23.99,26.09,4.19,4.42,4.68,4.39,4.18,8.99,0.0,5.23,0.0,8.49,0.0,21.71,0.01,4.52,19.45
1260,35.35,28.9,24.89,24.02,26.03,4.27,4.45,4.59,4.5,4.26,8.61,0.0,5.2,0.0,8.85,0.0,21.53,0.01,4.83,20.0
1320,33.62,26.25,23.11,22.15,24.33,4.34,4.65,4.37,4.59,4.32,8.96,0.0,5.31,0.0,7.92,0.0,19.73,0.01,4.6,17.5
1380,33.82,25.72,21.96,21.1,24.48,4.5,4.65,4.53,4.8,4.49,9.21,0.0,5.43,0.0,7.96,0.0,19.68,0.01,4.65,16.65
1440,34.17,26.54,23.03,22.4,24.33,4.72,5.1,4.79,4.82,4.71,8.07,0.0,4.78,0.0,8.6,0.0,19.51,0.01,4.7,16.99
1500,34.04,26.88,21.75,22.89,23.95,4.46,5.14,4.72,4.61,4.45,8.17,0.0,4.9,0.0,7.83,0.0,19.34,0.01,4.91,17.66
1560,31.61,27.490000000000002,20.14,23.7,22.24,4.3,5.08,4.75,4.52,4.29,7.91,0.0,4.41,0.0,6.73,0.0,17.71,0.01,4.25,18.41
1620,30.41,26.93,20.26,22.95,20.19,4.28,5.29,4.73,4.61,4.27,7.98,0.0,4.45,0.0,6.7,0.0,15.58,0.01,4.89,17.88
1680,32.35,26.43,20.34,22.74,22.18,4.25,5.52,4.67,4.45,4.23,7.81,0.0,4.63,0.0,6.92,0.0,17.73,0.01,4.61,17.47
1740,32.89,27.419999999999998,20.45,23.47,22.91,4.25,5.52,4.81,4.47,4.23,8.12,0.0,4.7,0.0,7.15,0.0,18.45,0.01,4.42,18.32
1800,32.48,26.439999999999998,18.62,22.84,22.79,4.31,5.4,4.88,4.44,4.3,8.23,0.0,5.12,0.0,6.57,0.0,18.35,0.01,4.25,17.21
